"DOENÇA/AGRAVO","CÓDIGO","DESCRIÇÃO DO ITEM","RESPONSABILIDADE DA AQUISIÇÃO",""
"Artrite Reumatoide CIDs: M05.0, M05.1, M05.2, M05.3, M05.8, M06.0, M06.8 Artrite Reumatoide Juvenil CIDs: M08.0, M08.1, M08.2, M08.3, M08.4, M08.8, M08.9","MS11126","abatacepte pó liófilo injetável 250 mg frasco- ampola + seringa descartável","Ministério da Saúde (1A)",""
"Artrite Reumatoide CIDs: M05.0, M05.1, M05.2, M05.3, M05.8, M06.0, M06.8","MS35706","abatacepte solução injetável 125 mg/mL seringa preenchida 1mL","Ministério da Saúde (1A)",""
"Pitiríase Rubra Pilar CID: L44.0 Psoríase","1068","acitretina cápsula 10mg","Secretaria de Saúde do DF (1B)",""
"CIDs: L40.0, L40.1, L40.4, L40.8 Ictioses Hereditárias CIDs: Q80.0, Q80.1, Q80.2, Q80.3, Q80.8 Outras malformações de pele CID: Q82.8","1069","acitretina cápsula 25mg","Secretaria de Saúde do DF (1B)",""
"Doença de Crohn CIDs: K50.0, K50.1, K50.8 Artrite Reumatoide CIDs: M05.0, M05.1, M05.2, M05.3, M05.8, M06.0, M06.8 Artrite Reumatoide Juvenil CIDs: M08.0, M08.1, M08.2, M08.3, M08.4, M08.8, M08.9 Espondilite Ancilosante CIDs: M45, M46.8 Psoríase CIDs: L40.0, L40.1, L40.4, L40.8 Artrite Psoríaca CIDs: M07.0, M07.2, M07.3 Uveítes Não Infecciosas CIDs: H15.0, H20.1, H30.1, H30.2, H30.8 Hidradenite Supurativa CID: L73.2","MS19578, MS38515, MS38516","adalimumabe solução injetável 40 mg seringa preenchida","Ministério da Saúde (1A)",""
"Esclerose múltipla CID: G35","MS35235","alentuzumabe 10mg/mL frasco-ampola 1,2 mL","Ministério da Saúde (1A)",""
"Doença de Pompe E74.0","CID:","MS37750 alfa-alglicosidade pó liofilizado para solução injetável 50 mg frasco ampola","Ministério da Saúde (1A)",""
"Fibrose Cística CIDs: E84.0, E84.8","MS2317","alfadornase solução para inalação 1mg/mL ampola 2,5mL","Ministério da Saúde (1A)",""
"Mucopolissacaridose do tipo IV A CID: E76.2","MS37566","alfaelosulfase solução injetável 1 mg/mL frasco- ampola 5 mL","Ministério da Saúde (1A)",""
"Transplante de medula ou pâncreas CID: Z94.8 Transplante de intestino CID: Z94.8 Anemia na doença renal crônica - alfaepoetina CIDs: N18.0, N18.8 Síndrome mielodisplásica de baixo risco CIDs: D46.0, D46.1, D46.4, D46.7 Doença Falciforme CIDs: D57.0, D57.1, D57.2","MS21684","alfaepoetina solução injetável 10.000 UI seringa preenchida ou frasco-ampola ou ampola","Ministério da Saúde (1A)",""
"Transplante de medula ou pâncreas CID: Z94.8 Transplante de intestino CID: Z94.8 Anemia na doença renal crônica - alfaepoetina CIDs: N18.0, N18.8 Doença Falciforme CIDs: D57.0, D57.1, D57.2","MS52018","alfaepoetina solução injetável 4.000 UI seringa preenchida ou frasco-ampola ou ampola","Ministério da Saúde (1A)",""
"Hemangioma infantil CID: D18.0","MS21547","alfainterferona 2B injetável 10.000.000 UI frasco- ampola","Ministério da Saúde (1A)",""
"Hemangioma infantil CID: D18.0","MS1496","alfainterferona 2B injetável 3.000.000 UI frasco- ampola","Ministério da Saúde (1A)",""
"Doença de Gaucher CID: E75.2","MS6417","alfainterferona 2B injetável 5.000.000 UI frasco- ampola","Ministério da Saúde (1A)",""
"Doença de Gaucher CID: E75.2","MS31150","alfavelaglicerase pó liofilizado ou solução","Saúde (1A) Ministério",""
"Mucopolissacaridose do tipo VII CID: E76.2","MS38425","injetável 400U frasco-ampola alfavestronidase solução injetável 2 mg/mL frasco ampola 5 mL","da Saúde (1A) Ministério da Saúde (1A)",""
"Fenilcetonúria CIDs: E70.0, E70.1","17725","fórmula dietoterápica para crianças acima de 8 anos de idade portadoras de fenilcetonúria fórmula dietoterápica para crianças de 1 a 8 anos de idade portadoras de fenilcetonúria","Secretaria de Saúde do DF (2) Secretaria de Saúde do DF (2)",""
"Fenilcetonúria CIDs: E70.0, E70.1","17728","","",""
"","17726","fórmula dietoterápica para lactentes de 0 a 1 ano","Secretaria de Saúde do DF (2)",""
"","","de idade portadores de fenilcetonúria","",""
"arterial","31982","ambrisentana comprimido revestido 5 mg","Secretaria de Saúde do DF (1B)",""
"Hipertensão pulmonar CIDs: I27.0, I27.2, I27.8","32161","ambrisentana comprimido revestido 10 mg","Secretaria de Saúde",""
"Dislipidemia para prevenção de eventos","8820","atorvastatina comprimido 20 mg","do DF (1B)",""
"cardiovasculares e pancreatite","","","Secretaria de Saúde do DF (2)",""
"CIDs: E78.0, E78.1, E78.2, E78.3, E78.4, E78.5, E78.6, E78.8","4383","atorvastatina comprimido 10 mg","Secretaria de Saúde do DF (2)",""
"Anemia aplástica constitucional CID: D61.0 Artrite reumatoide CIDs: M05.0, M05.1, M05.2, M05.3, M05.8, M06.0, M06.8 Artrite reumatoide juvenil CID: M08.0 Dermatomiosite e polimiosite CIDs: M33.0, M33.1, M33.2 Doença de Crohn CIDs: K50.0, K50.1, K50.8 Esclerose sistêmica CIDs: M34.0, M34.1, M34.8 Esclerose múltipla CID: G35 Hepatite autoimune CID: K75.4 Lúpus eritematoso sistêmico CIDs: L93.0, L93.1, M32.1, M32.8 Miastenia gravis CIDs: G70.0, G70.2 Púrpura trombocitopênica idiopática CID: D69.3 Retocolite ulcerativa CIDs: K51.0, K51.1, K51.2, K51.3, K51.4, K51.5, K51.8 Transplante Pulmonar: CID Z94.2 Coração e Pulmão: CID Z94.3 Medula ou Pâncreas: CID Z94.8 Imunossupressão no transplante Renal: CIDs T86.1, Z94.0","90770","azatioprina comprimido 50 mg","Secretaria de Saúde do DF (2)",""
"Artrite reumatoide (exceto juvenil). CIDs: M05.0, M05.1, M05.2, M05.3, M05.8, M06.0, M06.8","MS37771","baricitinibe comprimido revestido 2 mg","Ministério da Saúde (1A)",""
"","MS37772","baricitinibe comprimido revestido 4 mg","Ministério da Saúde (1A)",""
"Esclerose múltipla CID: G35","MS2817","betainterferona 1A injetável 12.000.000UI (44 mcg) seringa preenchida","Ministério da Saúde (1A)",""
"Esclerose múltipla CID: G35","MS4824","betainterferona 1A injetável 6.000.000UI (22 mcg) seringa preenchida","Ministério da Saúde (1A)",""
"Esclerose múltipla CID: G35","MS3350","betainterferona 1A injetável 6.000.000UI (30 mcg) frasco amp0la + seringa preenchida com diluente","Ministério da Saúde (1A)",""
"Esclerose múltipla CID: G35","MS6593","betainterferona 1B pó liofilizado para solução injetável 9.600.000UI/frasco-ampola + diluente (após reconstituição cada mL de solução contém 0,25 mg ou 8.000.000UI)","Ministério da Saúde (1A)",""
"Dislipidemia para prevenção de eventos cardiovasculares e pancreatite","13812","bezafibrato comprimido de desintegração lenta 400 mg","Secretaria de Saúde do DF (2)",""
"CIDs: E78.0, E78.1, E78.2, E78.3, E78.4, E78.5, E78.6, E78.8","7536","bezafibrato drágea ou comprimido revestido 200 mg","Secretaria de Saúde do DF (2)",""
"Glaucoma CIDs: H40.1, H40.2, H40.3, H40.4, H40.5, H40.6, H40.8, Q15.0","MS19730","bimatoprosta solução oftálmica 0,3 mg/mL frasco 3 mL","Ministério da Saúde (1A)",""
"Deficiência de biotinidase CID: E88.9","MS36095","biotina cápsula 2,5 mg","Ministério da Saúde (1A)",""
"Hipertensão Arterial Pulmonar V2","201482","bosentana comprimido revestido 125 mg (frasco ou blister)","Secretaria de Saúde do DF (1B)",""
"CIDs: I27.0, I27.2, I27.8","201757","bosentana comprimido revestido 62,5 mg","Secretaria de Saúde do DF (1B)",""
"Glaucoma CIDs: H40.1, H40.2, H40.3, H40.4, H40.5, H40.6, H40.8, Q15.0","10325","brimonidina (tartarato) solução oftálmica 0,2% frasco 5 mL","Secretaria de Saúde do DF (2)",""
"","19993","brinzolamida 10 mg/mL suspensão oftálmica frasco 5 mL","Secretaria de Saúde do DF (2)",""
"Raquitismo e osteomalácia CID: E55.0, E55.9, E64.3, E83.3, M83.0, M83.1, M83.2,","MS38404","burosumabe solução injetável 10 mg/mL frasco ampola 1 mL","Ministério da Saúde (1A)",""
"M83.3, M83.8","MS38406 MS38407","burosumabe solução injetável 20 mg/mL frasco ampola 1 mL burosumabe solução injetável 30 mg/mL frasco","Ministério da Saúde (1A) Ministério da",""
"Acromegalia CID: E22.0","MS607","ampola 1 mL cabergolina comprimido 0,5 mg","Saúde (1A) Ministério da Saúde (1A)",""
"Hiperprolactinemia CID: E22.1 Doença de Paget CID: M88.0, M88.8","609","calcitonina sintética de salmão 200UI/dose frasco spray nasal 2,0 mL","Secretaria de Saúde do DF (2)",""
"CIDs: M80.0, M80.1, M80.2, M80.3, M80.4, M80.5, M80.8, M81.0, M81.1, M81.2, M81.3, M81.4, M81.5, M81.6, M81.8, M82.0, M82.1, M82.8, M85.8 Hipoparatireoidismo CIDs: E20.0, E20.1, E20.8, E89.2 Raquitismo e Osteomalácia CIDs: E55.0, E55.9, E64.3, E83.3, M83.0, M83.1, M83.2, E83.3,M83.3, M83.8","19709","calcitriol cápsula 0,25 mcg (frasco ou blister)","Secretaria de",""
"Osteoporose CIDs: M80.0, M80.1, M80.2, M80.3, M80.4, M80.5, M80.8, M81.0, M81.1, M81.2, M81.3, M81.4, M81.5, M81.6, M81.8, M82.0, M82.1, M82.8, M85.8 Distúrbio mineral e ósseo na doença renal crônica CIDs: E83.3, N18.0, N18.2, N18.3, N18.4, N18.5, N25.0","","","Saúde do DF (2)",""
"Artrite reumatoide (exceto juvenil) CIDs: M05.0, M05.1, M05.2, M05.3, M05.8, M06.0, M06.8 Doença de Crohn CIDs: K50.0, K50.1, K50.8 Espondilite ancilosante CIDs: M45, M46.8 Artrite psoríaca CIDs: M07.0, M07.2, M07.3","MS31151","certolizumabe pegol solução injetável 200 mg/mL seringa preenchida","Ministério da Saúde (1A)",""
"Anemia hemolítica autoimune CIDs: D59.0, D59.1 Esclerose sistêmica CIDs: M34.0, M34.1, M34.8","90771","ciclofosfamida comprimido revestido de liberação retardada 50 mg","Secretaria de Saúde do DF (2)",""
"CID: D69.3 Síndrome de Falência Medular CIDs: D60.0, D60.1, D60.8 Síndrome nefrótica primária emadultos, crianças e adolescentes CIDs: N04.0, N04.1, N04.2, N04.3, N04.4, N04.5, N04.6, N04.7, N04.8, N04.9 Lúpus Eritematoso Sistêmico CIDs: L93.0, L93.1, M32.1, M32.8","","","",""
"Anemia hemolítica autoimune CIDs: D59.0, D59.1 Artrite reumatoide (exceto juvenil) CIDs: M05.0, M05.1, M05.2, M05.3, M05.8, M06.0, M06.8 Artrite reumatoide juvenil CIDs: M08.0, M08.1, M08.2, M08.3, M08.4, M08.8, M08.9","90964","ciclosporina cápsula para microemulsão ou modificada 100mg","Secretaria de Saúde do DF (2)",""
"Artrite psoríaca CIDs: M07.0, M07.2, M07.3 Dermatomiosite e polimiosite CIDs: M33.0, M33.1, M33.2 Dermatite Atópica CIDs: L20.0, L20.8 Lúpus Eritematoso Sistêmico CIDs: L93.0, L93.1, M32.1, M32.8 Miastenia gravis","90962","ciclosporina cápsula para microemulsão ou modificada 25mg","Secretaria de Saúde do DF (2)",""
"Psoríase CIDs: L40.0, L40.1, L40.4, L40.8 Síndrome nefrótica primária emadultos, crianças e adolescentes CIDs: N04.0, N04.1, N04.2, N04.3, N04.4, N04.5, N04.6, N04.7, N04.8, N04.9 Síndrome de Falência Medular CIDs: D60.0, D60.1, D60.8, D61.0, D61.1, D61.2, D61.3, D61.8 Retocolite ulcerativa","90963","ciclosporina cápsula para microemulsão ou modificada 50 mg","Secretaria de Saúde do DF (2)",""
"CIDs: K51.0, K51.1, K51.2, K51.3, K51.4, K51.5, K51.8 Transplante: Medula ou pâncreas: CID: Z94.8 Coração e Pulmão: CID: Z94.3 Pulmão: CID: Z94.2 Imunossupressão no transplante: Cardíaco: CIDs: T86.2, Z94.1 Renal: CIDs: T86.1, Z94.0 Hepático: CIDs: T86.4, Z94.4 Uveítes não infecciosas CIDs: H15.0, H20.1, H30.1, H30.2, H30.8","90773","ciclosporina solução oral 100 mg/mL frasco 50 mL com doseador","Secretaria de Saúde do DF (2)",""
"Distúrbio mineral e ósseo na doença renal crônica CIDs: E83.3, N18.0, N18.2, N18.3, N18.4, N18.5, N25.0","MS25336 MS31537","cinacalcete (cloridrato) comprimido revestido 30 mg cinacalcete (cloridrato) comprimido revestido 60","Ministério da Saúde (1A) Ministério da",""
"Dislipidemia para prevenção de eventos cardiovasculares e pancreatite","13814","mg ciprofibrato comprimido 100 mg","Saúde (1A) Secretaria de Saúde do DF (2)",""
"CIDs: E78.0, E78.1, E78.2, E78.3, E78.4, E78.5, E78.6, E78.8 Antidepressivos em idosos CIDs: F32, F32.0, F32.1, F32.2, F32.3, F33, F33.0, F33.1,","5270","citalopram comprimido 20 mg","Secretaria de Saúde do DF (EE)",""
"Esclerose múltipla CID: G35","MS38473","cladribina comprimido 10 mg","Ministério da Saúde (1A)",""
"Epilepsia CIDs: G40.0, G40.1, G40.2, G40.3, G40.4, G40.5, G40.6, G40.7, G40.8","8763","clobazam comprimido 10mg","Secretaria de Saúde do DF (2)",""
"Esquizofrenia CIDs: F20.0, F20.1, F20.2, F20.3, F20.4, F20.5, F20.6, F20.8 Transtorno esquizoafetivo CIDs: F25.0, F25.1, F25.2 Transtorno afetivo bipolar tipo 1 CIDs: F31.1, F31.2, F31.3, F31.4, F31.5, F31.6, F31.7 Doença de Parkinson CID: G20","MS4630","clozapina comprimido 100mg","Ministério da Saúde (1A)",""
"Esquizofrenia CIDs: F20.0, F20.1, F20.2, F20.3, F20.4, F20.5, F20.6, F20.8 Transtorno esquizoafetivo CIDs: F25.0, F25.1, F25.2 Transtorno afetivo bipolar tipo 1 CIDs: F31.1, F31.2, F31.3, F31.4, F31.5, F31.6, F31.7 Doença de Parkinson","MS10391","clozapina comprimido 25mg","Ministério da Saúde (1A)",""
"Dor Crônica","612","codeína (fosfato) comprimido 30mg","Secretaria de Saúde do DF (2)",""
"CIDs: R52.1, R52.2","39726","codeína (fosfato) solução oral 3 mg/mL frasco 120 mL","Secretaria de Saúde do DF (2)",""
"Fibrose Cística CIDs: E84.0, E84.1, E84.8, E84.9","19526","colistimetato sódico pó para solução inalatória e injetável 1.000.000 UI frasco.","Secretaria de Saúde do DF (EE)",""
"","36668","dabigatrana (etexilato) cápsula 110mg","Secretaria de Saúde do DF (EE)",""
"Anticoagulantes CIDs: I20, I48, I51.3","28800","dabigatrana (etexilato) cápsula 150mg","Secretaria de Saúde do DF (EE)",""
"Angioedema associado à deficiência de C1 esterase (C1-INH) CID: D84.1 Púrpura trombocitopênica idiopática CID: D69.3 Endometriose CIDs: N80.0, N80.1, N80.2, N80.3, N80.4, N80.5, N80.8 Lúpus eritematoso sistêmico","5720","danazol cápsula 100 mg","Secretaria de Saúde do DF (1B)",""
"Insuficiência cardíaca com fração de ejeção reduzida CIDs: I50.0, I50.1, I50.9 Estratégias para atenuar a progressão da doença renal crônica CIDs: N18.2, N18.3, N18.4, N18.5","","","",""
"","MS203386","deferasirox comprimido dispersível 125mg","Ministério da Saúde (1A)",""
"Sobrecarga de ferro CIDs: E83.1, T45.4","MS203385","deferasirox comprimido dispersível 250mg","Ministério da Saúde (1A)",""
"Sobrecarga de ferro CIDs: E83.1, T45.4","MS203384","deferasirox comprimido dispersível 500mg","Ministério da Saúde (1A)",""
"Sobrecarga de ferro CIDs: E83.1, T45.4","30990","deferiprona comprimido 500 mg","Secretaria de Saúde do DF (1B)",""
"Distúrbio mineral e ósseo na doença renal crônica CIDs: E83.3, N18.0, N18.2, N18.3, N18.4, N18.5, N25.0 Sobrecarga de ferro CIDs: E83.1, T45.4","90860","desferroxamina (mesilato) pó para solução injetável 500mg frasco-ampola","Secretaria de Saúde do DF (1B)",""
"Diabete insípido CID: E23.2","MS2198","desmopressina spray nasal 0,1 mg/mL frasco 2,5mL","Ministério da Saúde (1A)",""
"Doença de Alzheimer","MS538","donepezila comprimido 5 mg","Ministério da Saúde (1A)",""
"CIDs: F00.0, F00.1, F00.2, G30.0, G30.1, G30.8","MS542","donepezila comprimido 10 mg","Ministério da Saúde (1A)",""
"Glaucoma CIDs: H40.1, H40.2, H40.3, H40.4, H40.5, H40.6, H40.8, Q15.0","21035","dorzolamida (cloridrato) solução oftálmica2% frasco 5 mL","Secretaria de Saúde do DF (2)",""
"Dermatite atópica grave","37995","dupilumabe solução injetável 200 mg seringa preenchida 1,14 mL","Secretaria de Saúde do DF (EE)",""
"CIDs: L20.8, L20.9","36478","dupilumabe solução injetável 300mg seringa preenchida 2mL","Secretaria de Saúde do DF (EE)",""
"Hemoglobinúria paroxística noturna CID: D59.5","MS22635","eculizumabe solução para diluição para infusão 10 mg/mL frasco-ampola 30 mL","Ministério da Saúde (1A)",""
"","MS38244","elexacaftor + tezacaftor + ivacaftor (100 mg + 50 mg + 75 mg) comprimido revestido co-embalado com ivacaftor 150 mg comprimido revestido","Ministério da Saúde (1A)",""
"Fibrose Cística CIDs: E84.0, E84.1, E84.8","MS38245","elexacaftor + tezacaftor + ivacaftor (50 mg + 25 mg + 37,5 mg) comprimido revestido co- embalado com ivacaftor 75 mg comprimido revestido","Ministério da Saúde (1A)",""
"Púrpura trombocitopênica idiopática CID: D69.3","28719","eltrombopague olamina comprimido revestido 25 mg","Secretaria de Saúde do DF (1B)",""
"Síndrome de Falência Medular CIDs: D61.0, D61.1, D61.2, D61.3, D61.8","27930","eltrombopague olamina comprimido revestido 50 mg","Secretaria de Saúde do DF (1B)",""
"Prevenção de tromboembolismo venoso em","MS90427","enoxaparina sódica solução injetável 40 mg seringa preenchida 0,4 mL","Ministério da Saúde (1A)",""
"gestantes com trombofilia CIDs: D68.8, I82.0, I82.1, I82.2, I82.3, I82.8, O22.3, O22.5","MS90426","enoxaparina sódica solução injetável 60 mg seringa preenchida 0,6 mL","Ministério da Saúde (1A)",""
"Doença de Parkinson CID: G20","MS623","entacapona comprimido revestido 200 mg (frasco ou blister)","Ministério da Saúde (1A)",""
"Artrite reumatoide (exceto juvenil) CIDs: M05.0, M05.1, M05.2, M05.3, M05.8, M06.0, M06.8","MS7762","etanercepte pó liofilizado para injetável 25mg frasco-ampola + solução diluente","Ministério da Saúde (1A)",""
"Artrite reumatoide juvenil CIDs: M08.0, M08.1, M08.2, M08.3, M08.4, M08.8, M08.9","","","",""
"Espondilite ancilosante CIDs: M45, M46.8 Psoríase","MS21833, MS38518","etanercepte solução injetável 50 mg seringa preenchida","Ministério da Saúde (1A)",""
"Epilepsia CIDs: G40.0, G40.1, G40.2, G40.3, G40.4, G40.5, G40.6, G40.7, G40.8","21686","etossuximida xarope 50mg/mL frasco 120mL","Secretaria de Saúde do DF (2)",""
"Imunossupressão no transplante:","MS13226","everolimo comprimido 0,5mg","Ministério da Saúde (1A)",""
"Hepático: T86.4, Z94.4 Cardíaco: T86.2, Z94.1","MS23202","everolimo comprimido 0,75mg","Ministério da Saúde (1A)",""
"Renal: T86.1, Z94.0","MS13228","everolimo comprimido 1mg","Ministério da Saúde (1A)",""
"Esclerose múltipla CID: G35","MS33272","fingolimode (cloridrato) cápsula 0,5 mg","Ministério da Saúde (1A)",""
"Doença pelo HIV Resultando emOutras Doenças CIDs: B20.0, B20.1, B20.2, B20.3, B20.4, B20.5, B20.6, B20.7, B20.8, B20.9, B22.0, B22.1, B22.2, B22.7, B23.0, B23.1, B23.2, B23.8, B24. Síndrome de Falência Medular CIDs: D61.0, D61.1, D61.2, D61.3, D61.8, D70, Z94.8.","MS90969","filgrastim solução injetável 300 mcg seringa preenchida ou frasco-ampola","Ministério da Saúde (1A)",""
"Insuficiência adrenal CIDs: E27.1, E27.4 Hiperplasia Adrenal Congênita CID: E25.0","627","fludrocortisona comprimido 0,1 mg","Secretaria de Saúde do DF (2)",""
"Asma CIDs: J45.0, J45.1, J45.8","13810*","formoterol (fumarato) + budesonida po inalante (12mcg +400mcg)/dose frasco com 60 doses com inalador *será substituído pelo código 38596 - formoterol (fumarato) + budesonida pó inalante ou cápsula com pó para inalação (12mcg + 400mcg)/dose frasco com inalador com 60 doses ou tubo com 60 doses","Secretaria de Saúde do DF (2)",""
"Doença pulmonar obstrutiva crônica CIDs: J44.0, J44.1, J44.8","638*","formoterol (fumarato) + budesonida pó inalante (6mcg + 200mcg)/dose frasco com 60 doses com inalador *será substituído pelo código 38597 - formoterol (fumarato) + budesonida pó inalante ou cápsula com pó para inalação (6mcg + 200mcg)/dose frasco com inalador com 60 doses ou tubo com 60 doses","Secretaria de Saúde do DF (2)",""
"","31580*","formoterol (fumarato) pó inalante 12 mcg/dose cápsula + inalador *será substituído pelo código 38598 - formoterol (fumarato) cápsula com pó para inalação ou cápsula inalatória 12mcg/dose + inalador","Secretaria de Saúde do DF (2)",""
"Esclerose múltipla CID: G35","MS36108","fumarato de dimetila cápsula 120 mg","Ministério da Saúde (1A)",""
"","MS36194","fumarato de dimetila cápsula 240 mg","Ministério da Saúde (1A)",""
"Epilepsia CIDs: G40.0, G40.1, G40.2, G40.3, G40.4, G40.5, G40.6, G40.7, G40.8","5312","gabapentina cápsula 300 mg","Secretaria de Saúde do DF (2)",""
"Dor Crônica CIDs: R52.1, R52.2","4822","gabapentina cápsula 400 mg","Secretaria de Saúde do DF (2)",""
"Doença de Alzheimer CIDs: F00.0, F00.1, F00.2, G30.0, G30.1, G30.8","MS21069","galantamina (hidrobrometo) cápsula de liberação prolongada 8 mg","Ministério da Saúde (1A)",""
"","MS15101","galantamina (hidrobrometo) cápsula liberação prolongada 16 mg","Ministério da Saúde (1A) Ministério da",""
"","MS15503","galantamina (hidrobrometo) cápsula liberação prolongada 24 mg (frasco ou blister) galsulfase solução injetável 1 mg/mL frasco-","Saúde (1A) Ministério da",""
"Mucopolissacaridose do tipo VI CID: E76.2","MS11920","ampola 5 mL","Saúde (1A)",""
"Dislipidemia para prevenção de eventos cardiovasculares e pancreatite CIDs: E78.0, E78.1, E78.2, E78.3, E78.4, E78.5, E78.6, E78.8","13819","genfibrozila comprimido 600 mg","Secretaria de Saúde do DF (2)",""
"Esclerose múltipla CID: G35","MS36672","glatiramer solução injetável 40 mg/mL seringa preenchida ou frasco-ampola","Ministério da Saúde (1A)",""
"Doença pulmonar obstrutiva crônica CIDs: J41.0, J41.1, J41.8, J42, J43.1, J43.2, J43.8, J43.9, J44.0, J44.1, J44.8, J44.9","34492","glicopirronio (brometo) 50 mcg cápsula para inalação","Secretaria de Saúde do DF (EE)",""
"Artrite reumatoide (exceto juvenil) CIDs: M05.0, M05.1, M05.2, M05.3, M05.8, M06.0, M06.8 Espondilite ancilosante CIDs: M45, M46.8 Artrite psoríaca","MS29141","golimumabe solução injetável 50 mg/0,5 mL seringa preenchida","Ministério da Saúde (1A)",""
"Puberdade precoce central CID: E22.8 Leiomioma de útero CIDs: D25.0, D25.1, D25.2 Endometriose CIDs: N80.0, N80.1, N80.2, N80.3, N80.4, N80.5, N80.8","10158","gosserrelina (acetato) 10,80 mg injetável de liberação prolongada (seringa preenchida)","Secretaria de Saúde do DF (1B)",""
"Artrite reumatoide (exceto juvenil) CIDs: M05.0, M05.1, M05.2, M05.3, M05.8, M06.0, M06.8 Artrite reumatoide juvenil CID: M08.0 Dermatomiosite e polimiosite CIDs: M33.0, M33.1 Lúpus eritematoso sistêmico","3870","hidroxicloroquina comprimido 400 mg","Secretaria de Saúde do DF (2)",""
"Doença falciforme CIDs: D57.0, D57.1, D57.2","39600","hidroxiureia comprimido revestido 100 mg hidroxiureia (hidroxicarbamida) cápsula 500 mg","Secretaria de Saúde do DF (1B) Secretaria de",""
"Mucopolissacaridose do tipo II CID: E76.1","90666 MS10489","(frasco ou blister) idursulfase solução injetável 2 mg/mL frasco- ampola 3 mL","Saúde do DF (1B) Ministério da Saúde (1A)",""
"Hipertensão arterial pulmonar V2. CIDs: I27.0, I27.2, I27.8","35934","iloprosta solução para inalação 10 mcg/mL ampola 1 mL","Secretaria de Saúde do DF (1B)",""
"Doença de Gaucher CID: E752","MS23941","imiglucerase pó liófilo injetável 400U frasco- ampola","Ministério da Saúde (1A)",""
"Imunodeficiência Primária com predominância de defeitos de anticorpos CIDs: D80.0, D80.1, D80.3, D80.5, D80.6, D80.7, D80.8, D83.0, D83.2, D83.8 Anemia hemolítica autoimune CIDs: D59.0, D59.1 Dermatomiosite e polimiosite CIDs: M33.0, M33.1, M33.2 Imunodeficiência Primária CIDs: D81.0, D81.1, D81.2, D81.3, D81.4, D81.5, D81.6, D81.7, D81.8, D82.0, D82.1 Síndrome de Guillain-barre CID: G61.0 Aplasia pura adquirida crônica da série vermelha CID: D60.0 Miastenia gravis CID: G70.0, G70.2 Síndrome inflamatória pediátrica associada à Covid19 CID: B34.2 Doença pelo HIV Resultando emOutras Doenças CIDs: B20.0, B20.1, B20.2, B20.3, B20.4, B20.5, B20.6, B20.7, B20.8, B20.9, B22.0, B22.1, B22.2, B22.7, B23.0, B23.1, B23.2, B23.8, B24 Púrpura trombocitopênica idiopática","MS90988","imunoglobulina humana injetável 5g frasco","Ministério da Saúde (1A)",""
"Artrite reumatoide (exceto juvenil) CIDs: M05.0, M05.1, M05.2, M05.3, M05.8, M06.0, M06.8 Artrite reumatoide juvenil CIDs: M08.0, M08.1, M08.2, M08.3, M08.4, M08.8, M08.9 Doença de Crohn CIDs: K50.0, K50.1, K50.8 Espondilite ancilosante CIDs: M45, M46.8 Retocolite ulcerativa CIDs: K51.0, K51.2, K51.3, K51.5, K51.8 Artrite psoríaca CIDs: M07.0, M07.2, M07.3","MS648, MS38519","infliximabe pó liofilizado para solução injetável 100 mg frasco-ampola","Ministério da Saúde (1A)",""
"Diabetes melito tipo 1 CIDs: E10.0, E10.1, E10.2, E10.3, E10.4, E10.5, E10.6, E10.7, E10.8, E10.9","MS90714","insulina análoga de ação ultra rápida solução injetável 100 UI/mL carpule de vidro 3 mL","Ministério da Saúde (1A)",""
"Acne grave CIDs: L70.0, L70.1, L70.8","8460","isotretinoina cápsula 20mg","Secretaria de Saúde do DF (2)",""
"Fibrose cística CIDs: E84.0, E84.8","MS38146","ivacaftor comprimido revestido 150mg","Ministério da Saúde (1A)",""
"Epilepsia","35324","lacosamida comprimido revestido 50 mg","Secretaria de Saúde do DF (EE)",""
"CIDs: G40.0, G40.1, G40.2, G40.3, G40.4, G40.5, G40.6, G40.7, G40.8","","","",""
"Transtorno afetivo bipolar tipo 1 CIDs: F31.1, F31.2, F31.3, F31.4, F31.5, F31.6, F31.7 Epilepsia","1764","lamotrigina comprimido 100mg","Secretaria de Saúde do DF (2)",""
"CIDs: G40.0, G40.1, G40.2, G40.3, G40.4, G40.5, G40.6, G40.7, G40.8","8835","lamotrigina comprimido 25mg","Secretaria de Saúde do DF (2)",""
"Acromegalia CID: E22.0","MS30991 MS30992","lanreotida solução injetável 60 mg seringa preenchida","Ministério da Saúde (1A)",""
"do tipo","MS30993","lanreotida solução injetável 90 mg seringa preenchida","Ministério da Saúde (1A)",""
"Mucopolissacaridose I","","lanreotida solução injetável 120 mg seringa preenchida","Ministério da Saúde (1A)",""
"CID: E76.0","MS021078","laronidase 0,58 mg/mL (2,9 mg/5 mL) solução injetável","Ministério da Saúde (1A)",""
"Glaucoma CIDs: H40.1, H40.2, H40.3, H40.4, H40.5, H40.6, H40.8, Q15.0","MS8759","latanoprosta solução oftálmica 50 mcg/mL frasco com 2,5 mL","Ministério da Saúde (1A)",""
"Artrite reumatoide (exceto juvenil) CIDs: M05.0, M05.1, M05.2, M05.3, M05.8, M06.0, M06.8 Artrite reumatoide juvenil CIDs: M08.0, M08.1, M08.2, M08.3, M08.4, M08.8, M08.9 Artrite psoríaca CIDs: M07.0, M07.2, M07.3","MS90087","leflunomida comprimido 20mg","Ministério da Saúde (1A)",""
"Epilepsia CIDs: G40.0, G40.1, G40.2, G40.3, G40.4, G40.5, G40.6, G40.7, G40.8","MS33172","levetiracetam solução oral 100 mg/mL frasco 150mL","Ministério da Saúde (1A)",""
"","MS34558","levetiracetam comprimido revestido 250 mg","Ministério da Saúde (1A)",""
"","MS32883","levetiracetam comprimido revestido 500 mg","Ministério da Saúde (1A)",""
"","MS34559","levetiracetam comprimido revestido 750 mg","Ministério da Saúde (1A)",""
"","MS10107","levetiracetam comprimido revestido 1000 mg","Ministério da",""
"Obesidade CIDs: E66.0, E66.1, E66.2, E66.8, E66.9","27795","liraglutida solução injetável 6mg/mL sistema de aplicação 3mL multidoses de até 3,0 mg (indicação: controle de peso)","Saúde (1A) Secretaria de Saúde do DF (EE)",""
"Doença de Alzheimer CIDs: F00.0, F00.1, F00.2, G30.0, G30.1, G30.8","MS20547","memantina (cloridrato) comprimido 10 mg","Ministério da Saúde (1A)",""
"Asma CIDs: J45.0, J45.1, J45.8.","36099*","mepolizumabe pó para solução injetável ou solução injetável 100 mg frasco ou caneta aplicadora ou seringa preenchida *será substituído pelo código 39026 - mepolizumabe solução injetável 100 mg/mL caneta aplicadora ou seringa preenchida","Secretaria de Saúde do DF (1B)",""
"Doença de Crohn CIDs: K50.0, K50.1, K50.8 Retocolite ulcerativa","90187*","mesalazina comprimido 400 mg *será substituído pelo código 39062 - mesalazina comprimido revestido ou comprimido revestido de liberação retardada 400mg","Secretaria de Saúde do DF (2)",""
"CIDs: K51.0, K51.1, K51.2, K51.3, K51.4, K51.5, K51.8","202044*","mesalazina comprimido 800 mg *será substituído pelo código 39063 - mesalazina comprimido revestido ou comprimido revestido de liberação retardada 800mg","Secretaria de Saúde do DF (2)",""
"","13802","mesalazina comprimido de liberação prolongada 500 mg","Secretaria de Saúde do DF (2)",""
"","35889","mesalazina supositório 1000 mg","Secretaria de Saúde do DF (2)",""
"","35890","mesalazina enema 10 mg/mL frasco 100 mL","Secretaria de",""
"Retocolite ulcerativa CIDs: K51.0, K51.1, K51.2, K51.3, K51.4, K51.5, K51.8","29850","mesalazina granulo de liberação prolongada envelope 2g sachê","Saúde do DF (2) Secretaria de Saúde do DF (2)",""
"Retocolite ulcerativa CIDs: K51.0, K51.1, K51.2, K51.3, K51.4, K51.5, K51.8","5870","mesalazina supositório 250 mg","Secretaria de Saúde do DF (2)",""
"Dor Crônica CIDs: R52.1, R52.2","654","metadona (cloridrato) comprimido 10 mg","Secretaria de Saúde do DF (2)",""
"Transtorno do déficit de atenção e hiperatividade CIDs: F90, F90.0, F90.1, F90.8, F90.9","202439 15790","metilfenidato (cloridrato) cápsula com microgrânulos de liberação modificada 30mg metilfenidato (cloridrato) comprimido 10 mg","Secretaria de Saúde do DF (EE) Secretaria de Saúde do DF (EE)",""
"Artrite reumatoide (exceto juvenil) CIDs: M05.0, M05.1, M05.2, M05.3, M05.8, M06.0, M06.8 Dermatomiosite e polimiosite CIDs: M33.0, M33.1, M33.2 Artrite reumatoide juvenil CIDs: M08.0, M08.1, M08.2, M08.3, M08.4, M08.8, M08.9 Esclerose sistêmica CIDs: M34.0, M34.1, M34.8 Espondilite ancilosante CIDs: M45, M46.8 Psoríase CIDs: L40.0, L40.1, L40.4, L40.8 Artrite psoríaca CIDs: M07.0, M07.2, M07.3 Lúpus eritematoso sistêmico CIDs: L93.0, L93.1, M32.1, M32.8","MS90776","metotrexato comprimido 2,5 mg","Ministério da Saúde (1A)",""
"Artrite reumatoide (exceto juvenil) CIDs: M05.0, M05.1, M05.2, M05.3, M05.8, M06.0, M06.8 Artrite reumatoide juvenil CIDs: M08.0, M08.1, M08.2, M08.3, M08.4, M08.8, M08.9 Dermatomiosite e polimiosite CIDs: M33.0, M33.1, M33.2 Doença de crohn CIDs: K50.0, K50.1, K50.8 Esclerose sistêmica CIDs: M34.0, M34.1, M34.8 Espondilite ancilosante CIDs: M45, M46.8 Psoríase CIDs: L40.0, L40.1, L40.4, L40.8 Artrite psoríaca CIDs: M07.0, M07.2, M07.3 Lúpus eritematoso sistêmico CIDs: L93.0, L93.1, M32.1, M32.8","MS90777","metotrexato solução injetável 50 mg frasco- ampola 2 mL (25 mg/mL)","Ministério da Saúde (1A)",""
"Imunossupressão no transplante: Hepático: CIDs: T86.4, Z94.4 Cardíaco: CIDs: T86.2, Z94.1","MS20187","micofenolato sódico comprimido 180 mg","Ministério da Saúde (1A) Ministério",""
"Renal: CIDs: T86.1, Z94.0","MS999","micofenolato sódico comprimido 360 mg","da Saúde (1A)",""
"CIDs: T86.2, Z94.1 CIDs: T86.1, Z94.0 Lúpus eritematoso sistêmico CIDs: L93.0, L93.1, M32.1, M32.8.","Renal:","","",""
"Doença de Gaucher CID: E75.2","MS31156","miglustate cápsula 100 mg","Ministério da Saúde (1A)","Ministério da Saúde (1A)"
"Antidepressivos em idosos CIDs: F32, F32.0, F32.1, F32.2, F32.3, F33, F33.0, F33.1, F33.2, F33.3 Dor crônica CIDs: R52.1, R52.2 666 90052 90041","5288 4384 665 mg morfina liberação morfina morfina","mirtazapina comprimido revestido ou comprimido orodispersível 30 mg mirtazapina comprimido revestido ou comprimido orodispersível 45 mg morfina (sulfato) cápsula liberação controlada (sulfato) controlada (sulfato) cápsula","Secretaria de Saúde do DF (EE) Secretaria de Saúde do DF (EE) 30 Secretaria de Saúde do DF (2) cápsula ou comprimido de 60 mg comprimido 10 mg liberação controlada 100 mg","Secretaria de Saúde do DF (2) Secretaria de Saúde do DF (2) Secretaria de Saúde do DF (2)"
"Esclerose múltipla","MS22531","natalizumabe solução injetável 20 mg/mL ampola 15 mL","Ministério da Saúde (1A)","Ministério da Saúde (1A)"
"CID: G35","","frasco-","",""
"Atrofia muscular espinhal 5Q tipo I e tipo II (AME) CID: G12.0, G12.1 Acromegalia CID: E22.0","MS38502 MS1489","nusinersena solução injetável 2,4 mg/mL frasco- ampola 5 mL risdiplam pó para solução oral 0,75 mg/mL frasco 80 mL octreotida pó para suspensão injetável 20 mg","Ministério da Saúde (1A)","Ministério da Saúde (1A)"
"","MS1490","","Saúde (1A)","Saúde (1A)"
"Esquizofrenia","","olanzapina comprimido revestido 10 mg","Secretaria de Saúde do DF (2) Secretaria de Saúde do DF (2)","Secretaria de Saúde do DF (2) Secretaria de Saúde do DF (2)"
"","MS35176","","",""
"","","frasco-ampola + diluente + sistema de aplicação","",""
"","","octreotida pó para suspensão injetável 30 mg frasco-ampola + diluente + sistema de aplicação","Ministério da","Ministério da"
"","MS8784","","Ministério da Saúde (1A)","Ministério da Saúde (1A)"
"F20.0, F20.1, F20.2, F20.3, F20.4, F20.5, F20.6, F20.8","","","",""
"CIDs:","","","",""
"Transtorno Esquizoafetivo CIDs: F25.0, F25.1, F25.2 Transtorno afetivo bipolar tipo 1 CIDs: F31.1, F31.2, F31.3, F31.4, F31.5, F31.6, F31.7","MS2533","olanzapina comprimido revestido 5 mg","Ministério da Saúde (1A)",""
"Asma CIDs: J45.0, J45.8","10157","omalizumabe pó liofilizado para solução injetável 150 mg frasco ampola ou seringa preenchida","Secretaria de Saúde do DF (1B)",""
"Urticária Crônica Espontânea CID: L50.8","10157","omalizumabe pó liofilizado para solução injetável 150 mg frasco ampola ou seringa preenchida","Secretaria de Saúde do DF (EE)",""
"Epilepsia CIDs: G40.0, G40.1, G40.2, G40.3, G40.4, G40.5, G40.6, G40.7, G40.8","8764","oxcarbazepina suspensão oral 60 mg/mL frasco 100 mL com doseador","Secretaria de Saúde do DF (EE)",""
"","31536","oxicodona comprimido revestido de liberação controlada 10 mg","Secretaria de Saúde do DF (EE)",""
"Dor crônica moderada à intensa CIDs: R52.1, R52.2","21593","oxicodona comprimido revestido de liberação controlada 20mg","Secretaria de Saúde do DF (EE)",""
"Insuficiência Pancreática Exócrina CIDs: K86.0, K86.1, K90.3","11343","pancreatina (lipase + amilase + protease) cápsula com microgrânulos de liberação entérica 10.000 UI (equivale a 150 mg)","Secretaria de Saúde do DF (1B)",""
"Fibrose cística - insuficiência pancreática CIDs: E84.1, E84.8","11341","pancreatina (lipase + amilase + protease) cápsula com microgrânulos de liberação entérica 25.000 UI (equivale a 300mg)","Secretaria de Saúde do DF (1B)",""
"Distúrbio mineral e ósseo na doença renal crônica CIDs: E83.3, N18.0, N18.2, N18.3, N18.4, N18.5, N25.0","MS29142","paricalcitol solução injetável 5 mcg/mL ampola 1 mL","Ministério da Saúde (1A)",""
"Doença de Wilson CID: E83.0","988","penicilamina cápsula 250 mg","Secretaria de Saúde do DF (1B)",""
"Miastenia gravis CIDs: G70.0, G70.2","90241","piridostigmina (brometo) comprimido 60 mg","Secretaria de Saúde do DF (2)",""
"Doença de Parkinson CID: G20","MS667","pramipexol comprimido 0,125 mg","Ministério da Saúde (1A)",""
"","MS1061","pramipexol comprimido 0,25 mg","Ministério da Saúde (1A)",""
"","MS3363","pramipexol comprimido 1 mg","Ministério da Saúde (1A)",""
"Epilepsia · Epilepsia mioclônica severa da infância (Síndrome de Dravet); · Síndrome de Lennox-Gastaut; · Epilepsia associada a Esclerose tuberosa.","37690*","produto à base de canabidiol solução oral 200 mg/mL frasco 30 mL com seringa dosadora *será substituído pelo código 38950 - produto de Cannabis (canabidiol 200mg/mL) solução oral com seringa dosadora ou solução gotas frasco","Secretaria de Saúde do DF (EE)",""
"Conforme Nota Técnica 3 (documento SEI 95657778) que trata sobre as orientações para a prescrição e dispensação de Produtos de Cannabis pela SES-DF.","38117*","produto à base de canabidiol solução oral 50 mg/mL frasco 30 mL com seringa dosadora *será substituído pelo código 38951 - produto de Cannabis (canabidiol 50mg/mL) solução oral com seringa dosadora ou solução gotas frasco","Secretaria de Saúde do DF (EE)",""
"Esquizofrenia","MS1038","quetiapina comprimido 100 mg","Ministério da Saúde (1A)",""
"CIDs: F20.0, F20.1, F20.2, F20.3, F20.4, F20.5, F20.6, F20.8","MS5889","quetiapina comprimido 200 mg","Ministério da Saúde (1A)",""
"Transtorno Esquizoafetivo CIDs: F25.0, F25.1, F25.2","MS21068","quetiapina comprimido 25 mg","Ministério da Saúde (1A)",""
"Transtorno afetivo bipolar tipo 1 CIDs: F31.1, F31.2, F31.3, F31.4, F31.5, F31.6, F31.7","MS15495","quetiapina comprimido revestido liberação prolongada 300 mg","Ministério da Saúde (1A)",""
"Osteoporose CIDs: M80.0, M80.1, M80.2, M80.3, M80.4, M80.5, M80.8, M81.0, M81.1, M81.2, M81.3, M81.4, M81.5, M81.6, M81.8, M82.0, M82.1, M82.8, M85.8","671","raloxifeno comprimido 60 mg","Secretaria de Saúde do DF (2)",""
"Doença de Parkinson CID: G20","MS12898","rasagilina comprimido 1 mg","Ministério da Saúde (1A)",""
"Esclerose Lateral Amiotrófica CID: G12.2","MS7057","riluzol comprimido 50 mg","Ministério da Saúde (1A)",""
"Psoríase CIDs: L40.0, L40.1, L40.4, L40.8","MS38249","risanquizumabe solução injetável 150 mg caneta aplicadora 1 mL","Ministério da Saúde (1A)",""
"Doença de Paget CIDs: M88.0, M88.8 Osteoporose CIDs: M80.0, M80.1, M80.2, M80.3, M80.4, M80.5, M80.8, M81.0, M81.1, M81.2, M81.3, M81.4, M81.5, M81.6, M81.8, M82.0, M82.1, M82.8, M85.8","175","risedronato comprimido 35 mg","Secretaria de Saúde do DF (2)",""
"Comportamento agressivo como transtorno do espectro do autismo CIDs: F84.0, F84.1, F84.3, F84.5, F84.8","29465","risperidona solução oral 1 mg/mL frasco 30 mL","Secretaria de Saúde do DF (1B)",""
"Esquizofrenia CIDs: F20.0, F20.1, F20.2, F20.3, F20.4, F20.5, F20.6, F20.8","7031","risperidona comprimido 1 mg","Secretaria de Saúde do DF (1B)",""
"Transtorno esquizoafetivo CIDs: F25.0, F25.1, F25.2","7032","risperidona comprimido 2 mg","Secretaria de Saúde do DF (1B)",""
"Comportamento agressivo como transtorno do espectro do autismo CIDs: F84.0, F84.1, F84.3, F84.5, F84.8 Transtorno afetivo bipolar tipo 1 CIDs: F31.1, F31.2, F31.3, F31.4, F31.5, F31.6, F31.7","21692","risperidona comprimido revestido 3 mg","Secretaria de Saúde do DF (1B)",""
"Artrite reumatoide (exceto juvenil) CIDs: M05.0, M05.1, M05.2, M05.3, M05.8, M06.0, M06.8","MS38524, MS38520, MS38521","rituximabe solução injetável 500 mg frasco- ampola 50 mL","Ministério da Saúde (1A)",""
"Doença de Alzheimer CIDs: F00.0, F00.1, F00.2, G30.0, G30.1, G30.8","MS16360","rivastigmina adesivo transdérmico 18 mg com liberação de 9,5mg/24h","Ministério da Saúde (1A)",""
"","MS17162","rivastigmina adesivo transdérmico 9mg com liberação de 4,6mg/24h","Ministério da Saúde (1A)",""
"","MS5276","rivastigmina cápsula 1,5 mg","Ministério da Saúde (1A)",""
"","MS672","rivastigmina cápsula 3 mg","Ministério da Saúde (1A)",""
"","MS5909","rivastigmina cápsula 4,5 mg","Ministério da Saúde (1A)",""
"","MS5725","rivastigmina cápsula 6 mg","Ministério da Saúde (1A)",""
"Osteoporose CIDs: M80.0, M80.1, M80.2, M80.3, M80.4, M80.5, M80.8, M81.0, M81.1, M81.2, M81.3, M81.4, M81.5,","MS38711","romosozumabe solução injetável 90 mg/mL seringa preenchida 1,17 mL","Ministério da Saúde (1A)",""
"Anemia na doença renal crônica - reposição de ferro CIDs: N18.0, N18.8","90590","sacarato de óxido férrico solução injetável endovenosa 20mg/mL ampola ou frasco ampola 5mL","Secretaria de Saúde do DF (1B)",""
"Anemia na doença renal crônica - reposição de ferro CIDs: N18.0, N18.8","36496","sacubitril valsartana sódica hidratada comprimido 50 mg","Secretaria de Saúde do DF (1B)",""
"Insuficiência Cardíaca com fração de ejeção reduzida. CIDs: I50.0, I50.1, I50.9","36352","sacubitril valsartana sódica hidratada comprimido 100 mg","Secretaria de Saúde do DF (1B)",""
"Anemia na doença renal crônica - reposição de ferro CIDs: N18.0, N18.8","35977","sacubitril valsartana sódica hidratada comprimido","Secretaria de Saúde do DF (1B)",""
"Doença pulmonar obstrutiva crônica CIDs: J41.0, J41.1, J41.8, J42, J43.1, J43.2, J43.8, J43.9, J44.0, J44.1, J44.8, J44.9","23607","200 mg salmeterol (xinafoato) + fluticasona (propionato) pó para inalação 50 mcg/dose + 500 mcg/dose recipiente dosador contendo strip com 60 doses","Secretaria de Saúde do DF (EE)",""
"Fenilcetonúria CIDs: E70.0, E70.1","35337","sapropterina comprimido 100mg","Secretaria de Saúde do DF (1B)",""
"Artrite psoríaca CIDs: M07.0, M07.2, M07.3 Espondilite ancilosante CIDs: M45, M46.8 Psoríase CIDs: L40.0, L40.1, L40.4, L40.8","MS34767","secuquinumabe 150 mg pó para solução injetável ou solução injetável","Ministério da Saúde (1A)",""
"Hipertensão pulmonar CIDs: I27.0, I27.2, I27.8","38399","selexipague comprimido revestido 0,2 mg","Secretaria de Saúde do DF (1B)",""
"Hipertensão pulmonar CIDs: I27.0, I27.2, I27.8","38693","selexipague comprimido revestido 0,4 mg","Secretaria de Saúde do DF (1B)",""
"Hipertensão pulmonar CIDs: I27.0, I27.2, I27.8","39001","selexipague comprimido revestido 0,6 mg","Secretaria de Saúde do DF (1B)",""
"Hipertensão pulmonar CIDs: I27.0, I27.2, I27.8","38401","selexipague comprimido revestido 0,8 mg","Secretaria de Saúde do DF (1B)",""
"Hipertensão pulmonar CIDs: I27.0, I27.2, I27.8","39002","selexipague comprimido revestido 1 mg","Secretaria de Saúde do DF (1B)",""
"Hipertensão pulmonar CIDs: I27.0, I27.2, I27.8","39003","selexipague comprimido revestido 1,2 mg","Secretaria de Saúde do DF (1B)",""
"Hipertensão pulmonar CIDs: I27.0, I27.2, I27.8","39004","selexipague comprimido revestido 1,4 mg","Secretaria de Saúde do DF (1B)",""
"Hipertensão pulmonar CIDs: I27.0, I27.2, I27.8","39005","selexipague comprimido revestido 1,6 mg","Secretaria de Saúde do DF (1B)",""
"Distúrbio mineral e ósseo na doença renal crônica CIDs: E83.3, N18.0, N18.2, N18.3, N18.4, N18.5, N25.0","MS693","sevelamer (hidrocloreto) comprimido revestido 800 mg","Ministério da Saúde (1A)",""
"Hipertensão arterial pulmonar V2 CIDs: I27.0, I27.2, I27.8","MS21673","sildenafila (citrato) comprimido revestido 20 mg","Ministério da Saúde (1A)",""
"Hipertensão arterial pulmonar V2 CIDs: I27.0, I27.2, I27.8","MS18383","sildenafila comprimido 25mg","Ministério da Saúde (1A)",""
"Esclerose sistêmica CIDs: M34.0, M34.1, M34.8","MS18078","sildenafila comprimido 50mg","Ministério da Saúde (1A)",""
"Imunossupressão no transplante: Hepático: CIDs T86.4, Z94.4 Renal: CIDs T86.1, Z94.0","MS20269","sirolimo drágea 1 mg","Ministério da Saúde (1A)",""
"Linfangioleiomiomatose: CID: J84.8","MS20189","sirolimo drágea 2 mg","Ministério da Saúde (1A)",""
"Deficiência de hormônio do crescimento - hipopituitarismo","MS25200","somatropina injetável 4 UI frasco-ampola","Ministério da Saúde (1A)",""
"CID: E23.0","MS30983","somatropina 12 UI pó para solução injetável (frasco-ampola)","Ministério da",""
"Síndrome de Turner","","","Saúde (1A)",""
"CIDs: Q96.0, Q96.1, Q96.2, Q96.3, Q96.4, Q96.8","MS37752","somatropina 16 UI pó para solução injetável (frasco-ampola)","Ministério da Saúde (1A)",""
"Criança pequena para idade gestacional (PIG) CIDs: P05.0, P05.1, P05.9","25200","somatropina injetável 4 UI frasco-ampola","Secretaria de Saúde do DF (EE)",""
"Artrite reumatoide (exceto juvenil) CIDs: M05.0, M05.1, M05.2, M05.3, M05.8, M06.0, M06.8 Artrite reumatoide juvenil CIDs: M08.0, M08.1, M08.2, M08.3, M08.4, M08.8, M08.9 Artrite reativa CIDs: M02.1, M02.3, M03.2, M03.6 Doença de Crohn CIDs: K50.0, K50.1, K50.8 Artropatia Enteropática CIDs: M07.4, M07.5, M07.6 Espondilite ancilosante CIDs: M45, M46.8 Retocolite ulcerativa CIDs: K51.0, K51.1, K51.2, K51.3, K51.4, K51.5, K51.8, K52.2 Artrite psoríaca","90214*","sulfassalazina comprimido ou comprimido revestido 500mg *será substituído pelo código 39064 - sulfassalazina comprimido revestido de liberação retardada 500mg","Secretaria de Saúde do DF (2)",""
"Síndrome nefrótica primária emadultos, crianças e adolescentes CIDs: N04.0, N04.1, N04.2, N04.3, N04.4, N04.5, N04.6, N04.7, N04.8","MS5562","tacrolimo cápsula 5 mg","Ministério da Saúde (1A)",""
"Imunossupressão no transplante: Hepático: CIDs T86.4, Z94.4 Cardíaco: CIDs T86.2, Z94.1 Renal: CIDs T86.1, Z94.0","MS5561","tacrolimo cápsula 1 mg","Ministério da Saúde (1A)",""
"Polineuropatia amiloidotica familiar CID: E85.1","MS35470","tafamidis meglumina cápsula 20mg","Ministério da Saúde (1A)",""
"Esclerose múltipla CID: G35","MS32853","teriflunomida comprimido 14 mg","Ministério da Saúde (1A)",""
"Glaucoma CIDs: H40.1, H40.2, H40.3, H40.4, H40.5, H40.6, H40.8, Q15.0","90849","timolol solução oftálmica 0,5 %frasco 5 mL","Secretaria de Saúde do DF (2)",""
"Doença pulmonar obstrutiva crônica CIDs: J44.0, J44.1, J44.8","38188","tiotrópio (brometo) + olodaterol (cloridrato) solução para inalação 2,5 mcg/dose + 2,5 mcg/dose frasco com 60 doses com inalador","Secretaria de Saúde do DF (1B)",""
"","38187","umeclidínio (brometo) + vilanterol (trifenatato) pó inalante 62,5 mcg/dose + 25 mcg/dose recipiente dosador contendo strip com 30 doses","Secretaria de Saúde do DF (1B)",""
"Fibrose Cística - Manifestações pulmonares CIDs: E84.0, E84.8","MS3404","tobramicina solução para inalação 300 mg ampola ou flaconete","Ministério da Saúde (1A)",""
"Artrite reumatoide (exceto juvenil) CIDs: M05.0, M05.1, M05.2, M05.3, M05.8, M06.0, M06.8","MS23589","tocilizumabe solução injetável 20 mg/mL frasco- ampola 4 mL","Ministério da Saúde (1A)",""
"Artrite reumatoide juvenil CIDs: M08.0, M08.1, M08.2, M08.3, M08.4, M08.8, M08.9","","","",""
"Artrite reumatoide (exceto juvenil) CIDs: M05.0, M05.1, M05.2, M05.3, M05.8, M06.0, M06.8 Artrite psoríaca CIDs: M07.0, M07.2, M07.3 Retocolite ulcerativa CIDs: K51.0, K51.2, K51.3, K51.5, K51.8","MS34049","tofacitinibe (citrato) comprimido revestido 5 mg","Ministério da Saúde (1A)",""
"Epilepsia CIDs: G40.0, G40.1, G40.2, G40.3, G40.4, G40.5, G40.6, G40.7, G40.8","8566","topiramato comprimido 100 mg","Secretaria de Saúde do DF (2)",""
"Epilepsia CIDs: G40.0, G40.1, G40.2, G40.3, G40.4, G40.5, G40.6, G40.7, G40.8","8921","topiramato comprimido 25 mg","Secretaria de Saúde do DF (2)",""
"Epilepsia CIDs: G40.0, G40.1, G40.2, G40.3, G40.4, G40.5, G40.6, G40.7, G40.8","5528","topiramato comprimido 50 mg","Secretaria de Saúde do DF (2)",""
"Distonias focais e espasmo hemifacial CIDs: G24.3, G24.4, G24.5, G24.8, G51.3, G51.8","MS2480","toxina botulinica tipo A de Clostridium botulinum 500u pó liofilizado p/ solução injetável frasco- ampola","Ministério da Saúde (1A)",""
"Espasticidade CIDs: G04.1, G80.0, G80.1, G80.2, G81.1, G82.1, G82.4, I69.0, I69.1, I69.2, I69.3, I69.4, I69.8, T90.5, T90.8","MS26043","toxina botulinica tipo A pó liofilizado para solução injetável 100U frasco-ampola","Ministério da Saúde (1A)",""
"Glaucoma CIDs: H40.1, H40.2, H40.3, H40.4, H40.5, H40.6, H40.8, Q15.0","MS20070","travoprosta solução oftálmica 0,04 mg/mL frasco conta-gota 2,5 mL","Ministério da Saúde (1A)",""
"Doença de Wilson CID: E83.0","MS37996","trientina (cloridrato) cápsula 250 mg","Ministério da Saúde (1A)",""
"Puberdade precoce central CID: E22.8 Leiomioma de útero CIDs: D25.0, D25.1, D25.2 Endometriose CIDs: N80.0, N80.1, N80.2, N80.3, N80.4, N80.5, N80.8","3521","triptorrelina 3,75 mg frasco-ampola ou seringa preenchida","Secretaria de Saúde do DF (1B)",""
"Artrite reumatoide (exceto juvenil) CIDs: M05.0, M05.1, M05.2, M05.3, M05.8, M06.0, M06.8","MS38250","upadacitinibe comprimido revestido de liberação prolongada 15mg","Ministério da Saúde (1A)",""
"Colangite Biliar Primária CID: K74.3","11292","ursodesoxicolico (ácido) comprimido 300 mg","Secretaria de Saúde do DF (1B)",""
"Psoríase CIDs: L40.0, L40.1, L40.4, L40.8","MS27582","ustequinumabe solução injetável 45 mg frasco- ampola ou seringa preenchida","Ministério da Saúde (1A)",""
"Retocolite ulcerativa CIDs: K51.0, K51.2, K51.3, K51.5, K51.8.","MS35555","vedolizumabe pó liofilizado para solução injetável 300 mg frasco-ampola","Ministério da Saúde (1A)",""
"Epilepsia CIDs: G40.0, G40.1, G40.2, G40.3, G40.4, G40.5, G40.6, G40.7, G40.8","7636","vigabatrina comprimido 500 mg","Secretaria de Saúde do DF (2)",""
"Esquizofrenia CIDs: F20.0, F20.1, F20.2, F20.3, F20.4, F20.5, F20.6,","MS708","ziprasidona cápsula 40 mg","Ministério da Saúde (1A)",""
"F20.8 Transtorno esquizoafetivo","MS709","ziprasidona cápsula 80 mg","Ministério da Saúde (1A)",""
